<wpml-config>
    <custom-types>
        <custom-type translate="1">tpath_testimonial</custom-type>
        <custom-type translate="1">tpath_team_member</custom-type>
		<custom-type translate="1">tpath_portfolio</custom-type>
		<custom-type translate="1">tpath_clients</custom-type>
		<custom-type translate="1">tpath_block</custom-type>
    </custom-types>
    <taxonomies>
        <taxonomy translate="1">testimonial_categories</taxonomy>       
        <taxonomy translate="1">team_member_categories</taxonomy>
		<taxonomy translate="1">portfolio_categories</taxonomy>
		<taxonomy translate="1">portfolio_skills</taxonomy>
		<taxonomy translate="1">client_categories</taxonomy>
    </taxonomies>
    <admin-texts>
		<key name="tpath_options">
			<key name="tpath_logo_text" />
			<key name="tpath_blog_read_more_text" />
			<key name="tpath_labels_name" />
			<key name="tpath_labels_email" />
			<key name="tpath_labels_subject" />
			<key name="tpath_labels_message" />
			<key name="tpath_site_address" />
			<key name="tpath_site_name" />
			<key name="tpath_gmap_content" />
			<key name="tpath_copyright_text" />
		</key>
	</admin-texts>
	<custom-fields>
        <custom-field action="copy">tpath_post_views_count</custom-field>        
        <custom-field action="copy">tpath_theme_layout</custom-field>
        <custom-field action="copy">tpath_layout</custom-field>
        <custom-field action="copy">tpath_header_transparency</custom-field>
        <custom-field action="copy">tpath_hide_page_title_bar</custom-field>
		<custom-field action="copy">tpath_show_page_title</custom-field>
		<custom-field action="copy">tpath_show_breadcrumbs</custom-field>
		<custom-field action="copy">tpath_page_header_image</custom-field>
        <custom-field action="copy">tpath_primary_sidebar</custom-field> 
		<custom-field action="copy">tpath_additional_content_block</custom-field>
        <custom-field action="copy">tpath_body_bg_image</custom-field>
        <custom-field action="copy">tpath_body_bg_repeat</custom-field>
        <custom-field action="copy">tpath_body_bg_attachment</custom-field>
        <custom-field action="copy">tpath_body_bg_color</custom-field>        
        <custom-field action="copy">tpath_revslider_shortcode</custom-field>		
        <custom-field action="copy">tpath_section_header_status</custom-field>
        <custom-field action="translate">tpath_section_title</custom-field>
        <custom-field action="translate">tpath_section_slogan</custom-field>
        <custom-field action="copy">tpath_section_padding_top</custom-field>
        <custom-field action="copy">tpath_section_padding_bottom</custom-field>
        <custom-field action="copy">tpath_section_header_padding</custom-field>
        <custom-field action="copy">tpath_section_title_color</custom-field>
        <custom-field action="copy">tpath_section_slogan_color</custom-field>
        <custom-field action="copy">tpath_section_text_color</custom-field>
        <custom-field action="copy">tpath_section_content_heading_color</custom-field>
        <custom-field action="copy">tpath_section_bg_color</custom-field>
        <custom-field action="copy">tpath_parallax_status</custom-field>
        <custom-field action="copy">tpath_parallax_bg_image</custom-field>
        <custom-field action="copy">tpath_parallax_bg_repeat</custom-field>
        <custom-field action="copy">tpath_parallax_bg_attachment</custom-field>
        <custom-field action="copy">tpath_parallax_bg_postion</custom-field>
        <custom-field action="copy">tpath_parallax_bg_size</custom-field>
        <custom-field action="copy">tpath_parallax_bg_overlay</custom-field>
        <custom-field action="copy">tpath_overlay_pattern_status</custom-field>
        <custom-field action="copy">tpath_overlay_pattern_style</custom-field>
        <custom-field action="copy">tpath_section_overlay_color</custom-field>
        <custom-field action="copy">tpath_external_link_url</custom-field>
        <custom-field action="copy">tpath_single_video_code</custom-field>
        <custom-field action="copy">tpath_single_audio_code</custom-field>
		<custom-field action="translate">tpath_author_designation</custom-field>
        <custom-field action="translate">tpath_author_company_name</custom-field>
        <custom-field action="copy">tpath_author_company_url</custom-field>
		<custom-field action="copy">tpath_client_name</custom-field>
		<custom-field action="copy">tpath_portfolio_date</custom-field>
		<custom-field action="copy">tpath_client_url</custom-field>
		<custom-field action="translate">tpath_member_designation</custom-field>
		<custom-field action="translate">tpath_member_overview</custom-field>
		<custom-field action="translate">tpath_member_address</custom-field>
		<custom-field action="copy">tpath_member_latlng</custom-field>
		<custom-field action="copy">tpath_member_phone</custom-field>
		<custom-field action="translate">tpath_member_practise_area</custom-field>
		<custom-field action="translate">tpath_member_office_hours</custom-field>
		<custom-field action="copy">tpath_member_facebook</custom-field>
		<custom-field action="copy">tpath_member_twitter</custom-field>
		<custom-field action="copy">tpath_member_pinterest</custom-field>
		<custom-field action="copy">tpath_member_dribbble</custom-field>
		<custom-field action="copy">tpath_member_googleplus</custom-field>
		<custom-field action="copy">tpath_member_linkedin</custom-field>
		<custom-field action="copy">tpath_member_yahoo</custom-field>
		<custom-field action="copy">tpath_member_email</custom-field>
		<custom-field action="copy">tpath_member_flickr</custom-field>
    </custom-fields>	
</wpml-config>